Method,Fitness,f1,f2,f3,f4,FeasRate,TimeSec
Plain,5879.80357984493,3741.65229201929,0.024580455801105,0.011776036844394,2138.09035087719,NaN,0.0025845
KalmanOnly,6292.91358611086,4245.22992248956,0.0263957075849953,0.0427685530439884,2047.58810365309,NaN,0.0024812
VAOnly,8005.91551096233,6225.12529564848,0.039634997619012,0.0367611542756101,1780.67418416433,NaN,0.0023412
Full,12298.6701843871,11074.2160486759,0.0700964955092276,0.0755906764147311,1224.23835204375,NaN,0.0025034
